,song_title,artist,album
0,LOVE DIVE,IVE (아이브),LOVE DIVE
1,봄여름가을겨울 (Still Life),BIGBANG (빅뱅),봄여름가을겨울 (Still Life)
2,TOMBOY,(여자)아이들,I NEVER DIE
3,Seoul,볼빨간사춘기,Seoul
4,Feel My Rhythm,Red Velvet (레드벨벳),‘The ReVe Festival 2022 - Feel My Rhythm’
5,사랑인가 봐,멜로망스(MeloMance),사랑인가 봐 (사내맞선 OST 스페셜 트랙)
6,Love story,볼빨간사춘기,Seoul
7,That's Hilarious,Charlie Puth(찰리 푸스),That's Hilarious
8,우리들의 블루스,임영웅,IM HERO
9,GANADARA (Feat. 아이유),박재범,GANADARA
10,LOVE me,BE'O (비오),LOVE me
11,INVU,태연 (TAEYEON),INVU - The 3rd Album
12,ZOOM,제시(Jessi),ZOOM
13,Real Love,오마이걸(OH MY GIRL),Real Love
14,MY BAG,(여자)아이들,I NEVER DIE
15,ELEVEN,IVE (아이브),ELEVEN
16,듣고 싶을까,MSG워너비(M.O.M),듣고 싶을까
17,All 4 Nothing (I'm So In Love),Lauv(라우브),All 4 Nothing (I'm So In Love)
18,그대가 있기에,노을,그대가 있기에
19,신호등,이무진,신호등
20,존재만으로,원슈타인,스물다섯 스물하나 OST Part 4
21,SMILEY (Feat. BIBI),YENA (최예나),ˣ‿ˣ (SMiLEY)
22,RUN2U,STAYC(스테이씨),YOUNG-LUV.COM
23,취중고백,김민석 (멜로망스),취중고백
24,사랑인가 봐 (Acoustic Ver.),김세정,사랑인가 봐 (사내맞선 OST Bonus Track)
25,너의 번호를 누르고,김나영,너의 번호를 누르고
26,드라마,아이유(IU),조각집
27,사랑은 늘 도망가,임영웅,신사와 아가씨 OST Part.2
28,마지막 너의 인사,헤이즈(Heize),우리들의 블루스 OST Part 2
29,나는 트로트가 싫어요,임창정,별거 없던 그 하루로
30,꽃 길,BIGBANG (빅뱅),꽃 길
31,어제처럼,폴킴(Paul Kim),어제처럼
32,Permission to Dance,방탄소년단,Butter / Permission to Dance
33,사건의 지평선,윤하(Younha/ユンナ),YOUNHA 6th Album Repackage 'END THEORY : Final Edition'
34,STAY,"The Kid LAROI


The Kid LAROI
 ",STAY
35,strawberry moon,아이유(IU),strawberry moon
36,My Universe,"Coldplay(콜드플레이)


Coldplay(콜드플레이)
 ",My Universe
37,Starlight,태일 (TAEIL),스물다섯 스물하나 OST Part 1
38,Weekend,태연 (TAEYEON),Weekend
39,아름다운 건,볼빨간사춘기,Seoul
40,Because Of You,Ne-Yo(니요),Because Of You
41,O.O,NMIXX,AD MARE
42,"스물다섯, 스물하나",자우림(Jaurim),"Goodbye, grief."
43,Light Switch,Charlie Puth(찰리 푸스),Light Switch
44,다정히 내 이름을 부르면,"경서예지


경서예지
 ",다정히 내 이름을 부르면 (경서예지 x 전건호)
45,Next Level,aespa,Next Level
46,Dynamite,방탄소년단,Dynamite (DayTime Version)
47,Stronger (What Doesn't Kill You),Kelly Clarkson(켈리 클락슨),Stronger (What Doesn't Kill You)
48,Step Back,GOT the beat,Step Back
49,Dreams Come True,aespa,Dreams Come True - SM STATION
50,부럽지가 않어,장기하,공중부양
51,이제 나만 믿어요,임영웅,내일은 미스터트롯 우승자 특전곡
52,걱정 말아요 그대,"박장현


박장현
 ",국가가 부른다 Part9
53,Can't Control Myself,태연 (TAEYEON),Can't Control Myself
54,"회전목마 (Feat. Zion.T, 원슈타인) (Prod. Slom)",sokodomo,쇼미더머니 10 Episode 2
55,별,볼빨간사춘기,Seoul
56,DAYDREAM,하이라이트(Highlight),DAYDREAM
57,라일락,아이유(IU),IU 5th Album 'LILAC'
58,"[19금]
abcdefu",GAYLE,abcdefu
59,Butter,방탄소년단,Butter
60,Counting Stars (Feat. Beenzino),BE'O (비오),Counting Stars
61,Blueming,아이유(IU),Love poem
62,Whisky on the Rock,김연지,우리들의 블루스 OST Part.1
63,언제나 사랑해,케이시,조영수 리메이크 프로젝트 Part.2
64,Out of Time,The Weeknd(위켄드),Dawn FM
65,Celebrity,아이유(IU),IU 5th Album 'LILAC'
66,너를 생각해,주시크 (Joosiq),너를 생각해
67,흔들리는 꽃들 속에서 네 샴푸향이 느껴진거야,장범준,멜로가 체질 OST Part 3
68,정이라고 하자 (Feat. 10CM),BIG Naughty (서동현),정이라고 하자
69,봄날,방탄소년단,YOU NEVER WALK ALONE
70,우린 어떠한 별보다 빛날 거야,이하이,우린 어떠한 별보다 빛날 거야 (이하이 X soundtrack#1)
71,As It Was,Harry Styles(해리 스타일스),As It Was
72,In the mirror,볼빨간사춘기,Seoul
73,2002,Anne-Marie(앤 마리),Speak Your Mind (Deluxe)
74,서랍,10CM,그 해 우리는 OST Part.1
75,봄 사랑 벚꽃 말고,"하이포(HIGH4)


하이포(HIGH4)
 ",봄 사랑 벚꽃 말고
76,MAISON,드림캐쳐,[Apocalypse : Save us]
77,Darl+ing,세븐틴(SEVENTEEN),Darl+ing
78,Bad Habits,Ed Sheeran(에드 시런),=
79,Leave The Door Open,"Bruno Mars(브루노 마스)


Bruno Mars(브루노 마스)
 ",An Evening With Silk Sonic
80,내 손을 잡아,아이유(IU),최고의 사랑 (MBC 수목드라마) - Part.4 
81,Savage,aespa,Savage - The 1st Mini Album
82,"모든 날, 모든 순간 (Every day, Every Moment)",폴킴(Paul Kim),'키스 먼저 할까요?' OST Part.3
83,Off My Face,Justin Bieber(저스틴 비버),Justice
84,바라만 본다,MSG워너비(M.O.M),MSG워너비 1집
85,버퍼링 (Glitch Mode),NCT DREAM,Glitch Mode - The 2nd Album
86,비와 당신,이무진,슬기로운 의사생활 시즌2 OST Part 1
87,Timeless,SG워너비,Sg Wanna Be+
88,Bam Bam (feat. Ed Sheeran),Camila Cabello(카밀라 카베요),Bam Bam
89,안녕,폴킴(Paul Kim),호텔 델루나 OST Part.10
90,LAST DANCE,BIGBANG (빅뱅),MADE
91,"손을 잡는다거나, 같이 걷는다거나",적재,Trip:Tape #01
92,리무진 (Feat. MINO) (Prod. GRAY),BE'O (비오),쇼미더머니 10 Episode 3
93,Wake Up (Prod. 코드 쿤스트),"개코


개코
 ",쇼미더머니 10 Episode 1
94,벌써 일년,브라운 아이즈(Brown Eyes),Brown Eyes
95,너머 (The Other Side),"백예린 (Yerin Baek)


백예린 (Yerin Baek)
 ",너머 (The Other Side)
96,어른아이 (Toddler),태연 (TAEYEON),INVU - The 3rd Album
97,아무렇지 않은 척,빅마마(Big Mama),Born (本)
98,문득,BE'O (비오),Bipolar
99,멜로디,ASH ISLAND,멜로디
